{
  "best_global_step": null,
  "best_metric": null,
  "best_model_checkpoint": null,
  "epoch": 1.0,
  "eval_steps": 500,
  "global_step": 31,
  "is_hyper_param_search": false,
  "is_local_process_zero": true,
  "is_world_process_zero": true,
  "log_history": [
    {
      "epoch": 0.32653061224489793,
      "grad_norm": 0.1114998608827591,
      "learning_rate": 0.00018838709677419354,
      "loss": 2.890830421447754,
      "step": 10
    },
    {
      "epoch": 0.6530612244897959,
      "grad_norm": 0.0679609626531601,
      "learning_rate": 0.00017548387096774195,
      "loss": 1.5376229286193848,
      "step": 20
    },
    {
      "epoch": 0.9795918367346939,
      "grad_norm": 0.06210637092590332,
      "learning_rate": 0.00016258064516129034,
      "loss": 1.2093450546264648,
      "step": 30
    }
  ],
  "logging_steps": 10,
  "max_steps": 155,
  "num_input_tokens_seen": 0,
  "num_train_epochs": 5,
  "save_steps": 500,
  "stateful_callbacks": {
    "TrainerControl": {
      "args": {
        "should_epoch_stop": false,
        "should_evaluate": false,
        "should_log": false,
        "should_save": true,
        "should_training_stop": false
      },
      "attributes": {}
    }
  },
  "total_flos": 4080307053527040.0,
  "train_batch_size": 1,
  "trial_name": null,
  "trial_params": null
}
