{
  "best_global_step": null,
  "best_metric": null,
  "best_model_checkpoint": null,
  "epoch": 1.0,
  "eval_steps": 500,
  "global_step": 33,
  "is_hyper_param_search": false,
  "is_local_process_zero": true,
  "is_world_process_zero": true,
  "log_history": [
    {
      "epoch": 0.311284046692607,
      "grad_norm": 0.1840571016073227,
      "learning_rate": 0.00018181818181818183,
      "loss": 1.8004020690917968,
      "step": 10
    },
    {
      "epoch": 0.622568093385214,
      "grad_norm": 0.07594258338212967,
      "learning_rate": 0.00016161616161616162,
      "loss": 0.7261366367340087,
      "step": 20
    },
    {
      "epoch": 0.933852140077821,
      "grad_norm": 0.043841294944286346,
      "learning_rate": 0.0001414141414141414,
      "loss": 0.5569169044494628,
      "step": 30
    }
  ],
  "logging_steps": 10,
  "max_steps": 99,
  "num_input_tokens_seen": 0,
  "num_train_epochs": 3,
  "save_steps": 500,
  "stateful_callbacks": {
    "TrainerControl": {
      "args": {
        "should_epoch_stop": false,
        "should_evaluate": false,
        "should_log": false,
        "should_save": true,
        "should_training_stop": false
      },
      "attributes": {}
    }
  },
  "total_flos": 8528031312248832.0,
  "train_batch_size": 1,
  "trial_name": null,
  "trial_params": null
}
