{
  "best_global_step": null,
  "best_metric": null,
  "best_model_checkpoint": null,
  "epoch": 1.0,
  "eval_steps": 500,
  "global_step": 33,
  "is_hyper_param_search": false,
  "is_local_process_zero": true,
  "is_world_process_zero": true,
  "log_history": [
    {
      "epoch": 0.31007751937984496,
      "grad_norm": 0.7173939347267151,
      "learning_rate": 0.00018181818181818183,
      "loss": 3.199485015869141,
      "step": 10
    },
    {
      "epoch": 0.6201550387596899,
      "grad_norm": 0.32882481813430786,
      "learning_rate": 0.00016161616161616162,
      "loss": 0.5714389324188233,
      "step": 20
    },
    {
      "epoch": 0.9302325581395349,
      "grad_norm": 0.21712128818035126,
      "learning_rate": 0.0001414141414141414,
      "loss": 0.35397202968597413,
      "step": 30
    }
  ],
  "logging_steps": 10,
  "max_steps": 99,
  "num_input_tokens_seen": 0,
  "num_train_epochs": 3,
  "save_steps": 500,
  "stateful_callbacks": {
    "TrainerControl": {
      "args": {
        "should_epoch_stop": false,
        "should_evaluate": false,
        "should_log": false,
        "should_save": true,
        "should_training_stop": false
      },
      "attributes": {}
    }
  },
  "total_flos": 2132007828062208.0,
  "train_batch_size": 4,
  "trial_name": null,
  "trial_params": null
}
